250120241406, 14 "Stanley #2 Philips Screwdriver" $ 6.95 1 0% $6.95, 1, 0, $6.95, Date: 25/01/2024  14:06:59 PM EST
250120241407, 23 "Tamiya 2oz paint - ferrari red" $ 2.39 4 0% $9.56, 4, 0, $9.56, Date: 25/01/2024  14:07:06 PM EST
250120241407, 339921 "Yamaha KT 100 kart engine" $ 950.00 1 0% $950.0, 1, 0, $950.0, Date: 25/01/2024  14:07:14 PM EST

250120241407, 14 "Stanley #2 Philips Screwdriver" $ 6.95 1 0% $6.95, 1, 0, $6.95, Date: 25/01/2024  14:07:22 PM EST
250120241407, 23 "Tamiya 2oz paint - ferrari red" $ 2.39 4 0% $9.56, 4, 0, $9.56, Date: 25/01/2024  14:07:28 PM EST
270120241612, 14 "Stanley #2 Philips Screwdriver" $ 6.95 1 0% $6.95, 1, 0, $6.95, Date: 27/01/2024  16:12:50 PM EST
270120241614, 339921 "Yamaha KT 100 kart engine" $ 950.00 1 0% $950.0, 1, 0, $950.0, Date: 27/01/2024  16:14:23 PM EST


270120241628, 14 "Stanley #2 Philips Screwdriver" $ 6.95 1 0% $6.95, 1, 0, $6.95, Date: 27/01/2024  16:28:15 PM EST
270120241628, 339921 "Yamaha KT 100 kart engine" $ 950.00 1 0% $950.0, 1, 0, $950.0, Date: 27/01/2024  16:28:23 PM EST
270120241628, 23 "Tamiya 2oz paint - ferrari red" $ 2.39 3 0% $7.17, 3, 0, $7.17, Date: 27/01/2024  16:28:30 PM EST
270120241629, 14 "Stanley #2 Philips Screwdriver" $ 6.95 1 0% $6.95, 1, 0, $6.95, Date: 27/01/2024  16:29:21 PM EST
270120241629, 339921 "Yamaha KT 100 kart engine" $ 950.00 1 0% $950.0, 1, 0, $950.0, Date: 27/01/2024  16:29:28 PM EST

290120241033, 339921 "Yamaha KT 100 kart engine" $ 950.00 1 0% $950.0, 1, 0, $950.0, Date: 29/01/2024  10:33:34 AM EST
290120241033, 23 "Tamiya 2oz paint - ferrari red" $ 2.39 2 0% $4.78, 2, 0, $4.78, Date: 29/01/2024  10:33:46 AM EST
290120241033, 198 "Box of 10 Sharpie Roller 0.5mm" $ 6.50 1 0% $6.5, 1, 0, $6.5, Date: 29/01/2024  10:33:58 AM EST
290120241034, 1111 "Top Secret Twenty One - Janet Evanovich" $ 8.99 23 20% $165.42, 23, 20, $165.42, Date: 29/01/2024  10:34:11 AM EST
290120241034, 19981 "Pledge furniture polish 13oz" $ 6.50 2 0% $13.0, 2, 0, $13.0, Date: 29/01/2024  10:34:42 AM EST

290120241039, 14 "Stanley #2 Philips Screwdriver" $ 6.95 1 0% $6.95, 1, 0, $6.95, Date: 29/01/2024  10:39:31 AM EST
290120241039, 339921 "Yamaha KT 100 kart engine" $ 950.00 1 0% $950.0, 1, 0, $950.0, Date: 29/01/2024  10:39:44 AM EST
290120241039, 23 "Tamiya 2oz paint - ferrari red" $ 2.39 1 0% $2.39, 1, 0, $2.39, Date: 29/01/2024  10:39:49 AM EST290120241121, 14 "Stanley #2 Philips Screwdriver" $ 6.95 1 0% $6.95, 1, 0, $6.95, Date: 29/01/2024  11:21:35 AM EST
290120241124, 339921 "Yamaha KT 100 kart engine" $ 950.00 1 0% $950.0, 1, 0, $950.0, Date: 29/01/2024  11:24:24 AM EST


290120241128, 14 "Stanley #2 Philips Screwdriver" $ 6.95 1 0% $6.95, 1, 0, $6.95, Date: 29/01/2024  11:28:53 AM EST
290120241129, 339921 "Yamaha KT 100 kart engine" $ 950.00 1 0% $950.0, 1, 0, $950.0, Date: 29/01/2024  11:29:09 AM EST

290120241134, 23 "Tamiya 2oz paint - ferrari red" $ 2.39 2 0% $4.78, 2, 0, $4.78, Date: 29/01/2024  11:34:43 AM EST
290120241134, 14 "Stanley #2 Philips Screwdriver" $ 6.95 2 0% $13.9, 2, 0, $13.9, Date: 29/01/2024  11:34:50 AM EST
290120241135, 339921 "Yamaha KT 100 kart engine" $ 950.00 1 0% $950.0, 1, 0, $950.0, Date: 29/01/2024  11:35:00 AM EST
290120241135, 85456 "Campagnolo 12 spd rear der" $ 350.00 2 0% $700.0, 2, 0, $700.0, Date: 29/01/2024  11:35:19 AM EST
290120241135, 19981 "Pledge furniture polish 13oz" $ 6.50 1 0% $6.5, 1, 0, $6.5, Date: 29/01/2024  11:35:32 AM EST


